,sentence
1,Ça représentait un serpent boa qui avalait un fauve.
2,Voilà la copie du dessin.
3,"On disait dans le livre :""Les serpents boas avalent leur proie tout entière, sans la mâcher."
4,"Ensuite ils ne peuvent plus bouger et ils dorment pendant les six mois de leur digestion."""
5,"J'ai alors beaucoup réfléchi sur les aventures de la jungle et, à mon tour, j'ai réussi, avec un crayon de couleur, à tracer mon premier dessin."
6,"Mon dessin numéro i. Il était comme ça :

J'ai montré mon chef-d'oeuvre aux grandes personnes et je leur ai demandé si mon dessin leur faisait peur."
7,"Elles m'ont répondu :""Pourquoi un chapeau ferait-il peur ?"""
8,Mon dessin ne représentait pas un chapeau.
9,Il représentait un serpent boa qui digérait un éléphant.
10,"J'ai alors dessiné l'intérieur du serpent boa, afin que les grandes personnes puissent comprendre."
11,Elles ont toujours besoin d'explications.
12,"Mon dessin numéro 2 était comme ça:

Les grandes personnes m'ont conseillé de laisser de côté les dessins de serpents boas ouverts ou fermés, et de m'intéresser plutôt à la géographie, à l'histoire, au calcul et à la grammaire."
13,"C'est ainsi que j'ai abandonné, à l'âge de six ans, une magnifique carrière de peintre."
14,J'avais été découragé par l'insuccès de mon dessin numéro i et de mon dessin numéro 2.
15,"Les grandes personnes ne comprennent jamais rien toutes seules, et c'est fatigant, pour les enfants, de toujours et toujours leur donner des explications."
16,J'ai donc dû choisir un autre métier et j'ai appris à piloter des avions.
17,J'ai volé un peu partout dans le monde.
18,"Et la géographie, c'est exact, m'a beaucoup servi."
19,"Je savais reconnaître, du premier coup d'oeil la Chine de l'Arizona."
20,"C'est très utile, si l'on est égaré pendant la nuit."
21,"J'ai ainsi eu, au cours de ma vie, des tas de contacts avec des tas de gens sérieux."
22,J'ai beaucoup vécu chez les grandes personnes.
23,Je les ai vues de très près.
24,Ça n'a pas trop amélioré mon opinion.
25,"Quand j'en rencontrais une qui me paraissait un peu lucide, je faisais l'expérience sur elle de mon dessin numéro i que j'ai toujours conservé."
26,Je voulais savoir si elle était vraiment compréhensive.
27,"Mais toujours elle me répondait :""C'e§t un chapeau."
28,"""Alors je ne lui parlais ni de serpents boas, ni de forêts vierges, ni d'étoiles."
29,Je me mettais à sa portée.
30,"Je lui parlais de bridge, de golf, de politique et de cravates."
31,Et la grande personne était bien contente de connaître un homme aussi raisonnable.
33,Quelque chose s'était cassée dans mon moteur.
34,"Et comme je n'avais avec moi ni mécanicien, ni passagers, je me préparai à essayer de réussir, tout seul, une réparation difficile."
35,C'était pour moi une question de vie ou de mort.
36,"J'avais à peine de l'eau à boire pour huit jours,

Le premier soir je me suis donc endormi sur le sable à mille milles de toute terre habitée."
37,J'étais bien plus isolé qu'un naufragé sur un radeau au milieu de l'Océan.
38,"Alors vous imaginez ma surprise, au lever du jour, quand une drôle de petite voix m'a réveillé."
39,"Elle disait :

- S'il vous plaît... dessine-moi un mouton !"
40,"- Dessine-moi un mouton...

J'ai sauté sur mes pieds comme si j'avais été frappé par la foudre."
41,J'ai bien frotté mes yeux.
42,J'ai bien regardé.
43,Et j'ai vu un petit bonhomme tout à fait extraordinaire qui me considérait gravement.
44,"Voilà le meilleur portrait que, plus tard, j'ai réussi à faire de lui."
45,"Mais mon dessin, bien sûr, est beaucoup moins ravissant que le modèle."
46,Ce n'est pas ma faute.
47,"J'avais été découragé dans ma carrière de peintre par les grandes personnes, à l'âge de six ans, et je n'avais rien appris à dessiner, sauf les boas fermés et les boas ouverts."
48,je regardai donc cette apparition avec des yeux tout ronds d'étonnement.
49,N'oubliez pas que je me trouvais à mille milles de toute région habitée.
50,"Or mon petit bonhomme ne me semblait ni égaré, ni mort de fatigue, ni mort de faim, ni mort de soif, ni mort de peur."
51,"Il n'avait en rien l'apparence d'un enfant perdu au milieu du désert, à mille milles de toute région habitée."
52,"Quand je réussis enfin à parler, je lui dis :

- Mais... qu'est-ce que tu fais là ?"
53,"Et il me répéta alors, tout doucement, comme une chose très sérieuse :

- S'il vous plaît... dessine-moi un mouton...

Quand le mystère est trop impressionnant, on n'ose pas désobéir."
54,"Aussi absurde que cela me semblât à mille milles de tous les endroits habités et en danger de mort, je sortis de ma poche une feuille de papier et un stylographe."
55,"Mais je me rappelai alors que j'avais surtout étudié la géographie, l'histoire, le calcul et la grammaire et je dis au petit bonhomme (avec un peu de mauvaise humeur) que je ne savais pas dessiner."
56,"Il me répondit :

- ça ne fait rien."
57,Dessine-moi un mouton.
58,"Comme je n'avais jamais dessiné un mouton je refis, pour lui, l'un des deux seuls dessins dont j'étais capable."
59,Celui du boa fermé.
60,"Et je fus stupéfait d'entendre le petit bonhomme me répondre :

- Non !"
61,Non 1 je ne veux pas d'un éléphant dans un boa.
62,"Un boa c'est très dangereux, et un éléphant c'est très encombrant."
63,Chez moi c'est tout petit.
64,J'ai besoin d'un mouton.
65,Dessine-moi un mouton.
66,Alors j'ai dessiné.
67,"Il regarda attentivement, puis

- Non!"
68,Celui-là est déjà très malade.
69,Fais-en un autre.
70,"Je dessinai :

Mon ami sourit gentiment, avec indulgence :

- Tu vois bien... ce n'est pas un mouton, c'est un bélier."
71,"Il a des cornes...

Je refis donc encore mon dessin :

Mais il fut refusé, comme les précédents :

- Celui-là est trop vieux."
72,je veux un mouton qui vive longtemps.
73,"Alors, faute de patience, comme j'avais hâte de commencer le démontage de mon moteur, je griffonnai ce dessin-ci."
74,"Et je lançai :

- ça c'est la caisse."
75,Le mouton que tu veux est dedans.
76,"Mais je fus bien surpris de voir s'illuminer le visage de mon jeune juge :

- C'est tout à fait comme ça que je le

Voulais !"
77,Crois-tu qu'il faille beaucoup d'herbe à ce mouton ?
78,- Pourquoi ?
79,"- Parce que chez moi c'est tout petit...

- Ça suffira sûrement."
80,je t'ai donné un tout petit mouton.
81,"Il pencha la tête vers le dessin

- Pas si petit que ça... Tiens Il s'est endormi..."
82,Et c'est ainsi que je fis la connaissance du petit prince.
84,"Le petit prince, qui me posait beaucoup de questions, ne semblait jamais entendre les miennes."
85,"Ce sont des mots prononcés par hasard qui, peu à peu, m'ont tout révélé."
86,"Ainsi, quand il aperçut pour la première fois mon avion (je ne dessinerai pas mon avion, c'est un dessin beaucoup trop compliqué pour moi) il me demanda :

- Qu'est-ce que c'est que cette chose-là ?"
87,- Ce n'est pas une chose.
88,Ça vole.
89,C'est un avion.
90,C'est mon avion.
91,Et j'étais fier de lui apprendre que je volais.
92,"Alors il s'écria

- Comment !"
93,Tu es tombé du ciel ?
94,"- Oui, fis-je modestement."
95,- Ah 1 ça c'est drôle...
96,Et le petit prince eut un très joli éclat de rire qui m'irrita beaucoup.
97,Je désire que l'on prenne mes malheurs au sérieux.
98,"Puis il ajouta :

- Alors, toi aussi tu viens du ciel 1 De quelle planète es-tu ?"
99,"J'entrevis aussitôt une lueur, dans le mystère de sa présence, et j'interrogeai brusquement :

- Tu viens donc d'une autre planète ?"
100,Mais il ne me répondit pas.
101,"Il hochait la tête doucement tout en regardant mon avion :

- C'est vrai que, là-dessus, tu ne peux pas venir de bien loin..."
102,Et il s'enfonça dans une rêverie qui dura longtemps.
103,"Puis, sortant mon mouton de sa poche, il se plongea dans la contemplation de son trésor."
104,"Vous imaginez combien j'avais pu être intrigué par cette demi confidence sur""les autres planètes""."
105,"Je m'efforçai donc d'en savoir plus long :

- D'où viens-tu, mon petit bonhomme ?"
106,"Où est-ce""chez toi""?"
107,Où veux-tu emporter mon mouton ?
108,"Il me répondit après un silence méditatif :

- Ce qui est bien, avec la caisse que tu m'as donnée, c'est que, la nuit, ça lui servira de maison."
109,- Bien sûr.
110,"Et si tu es gentil, je te donnerai aussi une corde pour l'attacher pendant le jour."
111,Et un piquet.
112,"La proposition parut choquer le petit prince

- L'attacher ?"
113,Quelle drôle d'idée !
114,"- Mais si tu ne l'attaches pas, il ira n'importe où, et il se perdra..."
115,"Et mon ami eut un nouvel éclat de rire
- Mais où veux-tu qu'il aille ?"
116,- N'importe où.
118,Ça ne pouvait pas m'étonner beaucoup.
119,"Je savais bien qu'en dehors des grosses planètes comme la Terre, Jupiter, Mars, Vénus, auxquelles on a donné des noms, il y en a des centaines d'autres qui 	sont quelquefois si petites qu'on a beaucoup de mal à les apercevoir au télescope."
120,"Quand un astronome découvre l'une d'elles, il lui donne pour nom un numéro."
121,"Il l'appelle par exemple :""l'astéroïde 3251""."
122,J'ai de sérieuses raisons de croire que la planète d'où venait le petit prince est l'astéroïde B 612.
123,"Cet astéroïde n'a été aperçu qu'une fois au télescope, en 1909 par un astronome turc."
124,Il avait fait alors une grande démonstration de sa découverte à un Congrès International d'Astronomie.
125,Mais personne ne l'avait cru à cause de son costume.
126,Les grandes personnes sont comme ça.
127,"Heureusement pour la réputation de l'astéroïde B 612 un dictateur turc imposa à son peuple, sous peine de mort, de s'habiller à l'européenne."
128,L'astronome refit sa démonstration en 1920 dans un habit très élégant.
129,Et cette fois-ci tout le monde fut de son avis.
130,"Si je vous ai raconté ces détails sur l'astéroïde B 612 et si je vous ai confié son numéro, c'est à cause des grandes personnes."
131,Les grandes personnes aiment les chiffres.
132,"Quand vous leur parlez d'un nouvel ami, elles ne vous questionnent jamais sur l'essentiel."
133,"Elles ne vous disent jamais:""Quel est le son de sa voix ?"
134,Quels sont les jeux qu'il préfère ?
135,Est-ce qu'il collectionne les papillons ?
136,"""Elles vous demandent:""Quel âge a-t-il ?"
137,Combien a-t-il de frères ?
138,Combien pèse-t-il ?
139,Combien gagne son père ?
140,"""Alors seulement elles croient le connaître."
141,"Si vous dites aux grandes personnes :""J'ai vu une belle maison en briques roses, avec des géraniums aux fenêtres et des colombes sur le toit...""Elles ne parviennent pas à s'imaginer cette maison."
142,"Il faut leur dire :""J'ai vu une maison de cent mille francs."
143,"""Alors elles s'écrient :""Comme c'est joli !"""
144,"Ainsi, si vous leur dites :""La preuve que le petit prince a existé c'est qu'il était ravissant, qu'il riait, et qu'il voulait un mouton."
145,"Quand on veut un mouton, c'est la preuve qu'on existe"", elles hausseront les épaules et vous traiteront d'enfant!"
146,"Mais si vous leur dites :""La planète d'où il venait est l'astéroïde B 612"", alors elles seront convaincues, et elles vous laisseront tranquille avec leurs questions."
147,Elles sont comme ça.
148,Il ne faut pas leur en vouloir.
149,Les enfants doivent être très indulgents envers les grandes personnes.
150,"Mais, bien sûr, nous qui comprenons la vie, nous nous moquons bien des numéros !"
151,J'aurais aimé commencer cette histoire à la façon des contes de fées.
152,"J'aurais aimé dire :

""Il était une fois un petit prince qui habitait une planète à peine plus grande que lui, et qui avait besoin d'un ami...""Pour ceux qui comprennent la vie, ça aurait eu l'air beaucoup plus vrai."
153,Car je n'aime pas qu'on lise mon livre à la légère.
154,J'éprouve tant de chagrin à raconter ces souvenirs.
155,Il y a six ans déjà que mon ami s'en est allé avec son mouton.
156,"Si j'essaie ici de le décrire, c'est afin de ne pas l'oublier."
157,C'est triste d'oublier un ami.
158,Tout le monde n'a pas eu un ami.
159,Et je puis devenir comme les grandes personnes qui ne s'intéressent plus qu'aux chiffres.
160,C'est donc pour ça encore que j'ai acheté une boîte de couleurs et des crayons.
161,"C'est dur de se remettre au dessin, à mon âge, quand on n'a jamais fait d'autres tentatives que celle d'un boa fermé et celle d'un boa ouvert, à l'âge de six ans !"
162,"J'essaierai, bien sûr, de faire des portraits le plus ressemblants possible."
163,Mais je ne suis pas tout à fait certain de réussir.
164,"Un dessin va, et l'autre ne ressemble plus."
165,Je me trompe un peu aussi sur la taille.
166,Ici le petit prince est trop grand.
167,Là il est trop petit.
168,J'hésite aussi sur la couleur de son costume.
169,"Alors je tâtonne comme ci et comme ça, tant bien que mal."
170,Je me tromperai enfin sur certains détails plus importants.
171,"Mais ça, il faudra me le pardonner."
172,Mon ami ne donnait jamais d'explications.
173,Il me croyait peut-être semblable à lui.
174,"Mais moi, malheureusement, je ne sais pas voir les moutons à travers les caisses."
175,Je suis peut-être un peu comme les grandes personnes.
176,J'ai dû vieillir.
178,"Ça venait tout doucement, au hasard des réflexions."
179,"C'est ainsi que, le troisième jour, je connus le drame des baobabs."
180,"Cette fois-ci encore ce fut grâce au mouton, car brusquement le petit prince m'interrogea, comme pris d'un doute grave :

- C'est bien vrai, n'est-ce pas, que les moutons mangent les arbustes ?"
181,- Oui.
182,C'est vrai.
183,- Ah !
184,Je suis content.
185,Je ne compris pas pourquoi il était si important que les moutons mangeassent les arbustes.
186,"Mais le petit prince ajouta :

- Par conséquent ils mangent aussi les baobabs ?"
187,"Je fis remarquer au petit prince que les baobabs ne sont pas des arbustes, mais des arbres grands comme des églises et que, si même il emportait avec lui tout un troupeau d'éléphants, ce troupeau ne viendrait pas à bout d'un seul baobab."
188,"L'idée du troupeau d'éléphants fit rire le petit prince

- Il faudrait les mettre les uns sur les autres...

Mais il remarqua avec sagesse :

- Les baobabs, avant de grandir, ça commence par être petit."
189,- C'est exact !
190,Mais pourquoi veux-tu que tes moutons mangent les petits baobabs ?
191,"Il me répondit:""Ben!"
192,Voyons!
193,"""Comme s'il s'agissait là d'une évidence."
194,Et il me fallut un grand effort d'intelligence pour comprendre à moi seul ce problème.
195,"Et en effet, sur la planète du petit prince, il y avait comme sur toutes les planètes, de bonnes herbes et de mauvaises herbes."
196,Par conséquent de bonnes graines de bonnes herbes et de mauvaises graines de mauvaises herbes.
197,Mais les graines sont invisibles.
198,"Elles dorment dans le secret de la terre jusqu'à ce qu'il prenne fantaisie à l'une d'elles de se réveiller... Alors elle s'étire, et pousse d'abord timidement vers le soleil une ravissante petite brindille inoffensive."
199,"S'il s'agit d'une brindille de radis ou de rosier, on peut la laisser pousser comme elle veut."
200,"Mais s'il s'agit d'une mauvaise plante, il faut arracher la plante aussitôt, dès qu'on a su la reconnaître."
201,Or il y avait des graines terribles sur la planète du petit prince... c'étaient les graines de baobabs.
202,Le sol de la planète en était infesté.
203,"Or un baobab, si l'on s'y prend trop tard, on ne peut jamais plus s'en débarrasser."
204,Il encombre toute la planète.
205,Il la perfore de ses racines.
206,"Et si la planète est trop petite, et si les baobabs sont trop nombreux, ils la font éclater."
207,"""C'est une question de discipline, me disait plus tard le petit prince."
208,"Quand on a terminé sa toilette du matin, il faut faire soigneusement la toilette de la planète."
209,Il faut s'astreindre régulièrement à arracher les baobabs dès qu'on les distingue d'avec les rosiers auxquels ils ressemblent beaucoup quand ils sont très jeunes.
210,"C'est un travail très ennuyeux, mais très facile."""
211,"Et un jour il me conseilla de m'appliquer à réussir un beau dessin, pour bien faire entrer ça dans la tête des enfants de chez moi."
212,"""S'ils voyagent un jour, me disait-il, ça pourra leur servir."
213,Il est quelquefois sans inconvénient de remettre à plus tard son travail.
214,"Mais, s'il s'agit des baobabs, c'est toujours une catastrophe."
215,"J'ai connu une planète, habitée par un paresseux."
216,"Il avait négligé trois arbustes...""

Et, sur les indications du petit prince, j'ai dessiné cette planète-là."
217,Je n'aime guère prendre le ton d'un moraliste.
218,"Mais le danger des baobabs est si peu connu, et les risques courus par celui qui s'égarerait dans un astéroïde sont si considérables, que, pour une fois, je fais exception à ma réserve."
219,"Je dis:""Enfants 1 Faites attention aux baobabs 1""C'est pour avertir mes amis d'un danger qu'ils frôlaient depuis longtemps, comme moi-même, sans le connaître, que j'ai tant travaillé ce dessin-là."
220,La leçon que je donnais en valait la peine.
221,"Vous vous demanderez peut-être : Pourquoi n'y a-t-il pas, dans ce livre, d'autres dessins aussi grandioses que le dessin des baobabs ?"
222,La réponse est bien simple : J'ai essayé mais je n'ai pas pu réussir.
223,Quand j'ai dessiné les baobabs j'ai été animé par le sentiment de l'urgence.
225,"petit prince, j'ai compris, peu à peu, ainsi, ta petite vie mélancolique."
226,Tu n'avais eu longtemps pour distraction que la douceur des couchers de soleil.
227,"J'ai appris ce détail nouveau, le quatrième jour au matin, quand tu m'a dit :

J'aime bien les couchers de soleil."
228,"Allons voir un coucher de soleil...

- Mais il faut attendre...

- Attendre quoi ?"
229,- Attendre que le soleil se couche.
230,"Tu as eu J'air très surpris d'abord, et puis tu as ri de toi-même."
231,"Et tu m'as dit :

- Je me crois toujours chez moi

En effet."
232,"Quand il est midi aux États-Unis, le soleil, tout le monde le sait, se couche sur la France."
233,Il suffirait de pouvoir aller en France en une minute pour assister au coucher de soleil.
234,Malheureusement la France est bien trop éloignée.
235,"Mais, sur ta si petite planète, il te suffisait de tirer ta chaise de quelques pas."
236,"Et tu regardais le crépuscule chaque fois que tu le désirais...

- Un jour, j'ai vu le soleil se coucher quarante-trois fois !"
237,"Et un peu plus tard tu ajoutais

Tu sais... quand on est tellement triste on aime les couchers de soleil...

- Le jour des quarante-trois fois tu étais donc tellement triste ?"
238,Mais le petit prince ne répondit pas.
240,"Il me demanda avec brusquerie, sans préambule, comme le fruit d'un problème longtemps médité en silence :

- Un mouton, s'il mange les arbustes, il mange aussi les fleurs ?"
241,- Un mouton mange tout ce qu'il rencontre.
242,- Même les fleurs qui ont des épines ?
243,- Oui.
244,Même les fleurs qui ont des épines.
245,"- Alors les épines, à quoi servent-elles ?"
246,Je ne le savais pas.
247,J'étais alors très occupé à essayer de dévisser un boulon trop serré de mon moteur.
248,"J'étais très soucieux car ma panne commençait de m'apparaître comme très grave, et l'eau à boire qui s'épuisait me faisait craindre le pire."
249,"- Les épines, à quoi servent-elles ?"
250,"Le petit prince ne renonçait jamais à une question, une fois qu'il l'avait posée."
251,"J'étais irrité par mon boulon et je répondis n'importe quoi :

- Les épines, ça ne sert à rien, c'est de la pure méchanceté de la part des fleurs

- Oh !"
252,"Mais après un silence il me lança, avec une sorte de rancune :

- Je ne te crois pas !"
253,Les fleurs sont faibles.
254,Elles sont naïves.
255,Elles se rassurent comme elles peuvent.
256,"Elles se croient terribles avec leurs épines...

Je ne répondis rien."
257,"À cet instant-là je me disais :""Si ce boulon résiste encore, je le ferai sauter d'un coup de marteau."
258,"""Le petit prince dérangea de nouveau mes réflexions :

- Et tu crois, toi, que les fleurs...

- Mais non !"
259,Mais non !
260,Je ne crois rien !
261,J'ai répondu n'importe quoi.
262,"Je m'occupe, moi, de choses sérieuses !"
263,Il me regarda stupéfait.
264,"- De choses sérieuses

Il me voyait, mon marteau à la main, et les doigts noirs de cambouis, penché sur un objet qui lui semblait très laid."
265,- Tu parles comme les grandes personnes !
266,Ça me fit un peu honte.
267,"Mais, impitoyable, il ajouta

- Tu confonds tout... tu mélanges tout !"
268,Il était vraiment très irrité.
269,"Il secouait au vent des cheveux tout dorés :

- Je connais une planète où il y a un Monsieur cramoisi."
270,Il n'a jamais respiré une fleur.
271,Il n'a jamais regardé une étoile.
272,Il n'a jamais aimé personne.
273,Il n'a jamais rien fait d'autre que des additions.
274,"Et toute la journée il répète comme toi :""Je suis un homme sérieux !"
275,Je suis un homme sérieux !
276,"""et ça le fait gonfler d'orgueil."
277,"Mais ce n'est pas un homme, c'est un champignon!"
278,- Un quoi ?
279,"- Un champignon

Le petit prince était maintenant tout pâle de colère."
280,- Il y a des millions d'années que les fleurs fabriquent des épines.
281,Il y a des millions d'années que les moutons mangent quand même les fleurs.
282,Et ce n'est pas sérieux de chercher à comprendre pourquoi elles se donnent tant de mal pour se fabriquer des épines qui ne servent jamais à rien ?
283,Ce n'est pas important la guerre des moutons et des fleurs ?
284,Ce n'est pas plus sérieux et plus important que les additions d'un gros Monsieur rouge ?
285,"Et si je connais, moi, une fleur unique au monde, qui n'existe nulle part, sauf dans ma planète, et qu'un petit mouton peut anéantir d'un seul coup, comme ça, un matin, sans se rendre compte de ce qu'il fait, ce n'est pas important ça

Il rougit, puis reprit :

- Si quelqu'un aime une fleur qui n'existe qu'à un exemplaire dans les millions et les millions d'étoiles, ça suffit pour qu'il soit heureux quand il les regarde."
286,"Il se dit:""Ma fleur est là quelque part...""Mais si le mouton mange la fleur, c'est pour lui comme si, brusquement, toutes les étoiles s'éteignaient !"
287,Et ce n'est pas important ça !
288,Il ne put rien dire de plus.
289,Il éclata brusquement en sanglots.
290,La nuit était tombée.
291,J'avais lâché mes outils.
292,"Je me moquais bien de mon marteau, de mon boulon, de la soif et de la mort."
293,"Il y avait, sur une étoile, une planète, la mienne, la Terre, un petit prince à consoler !"
294,Je le pris dans les bras.
295,Je le berçai.
296,"Je lui disais :""La fleur que tu aimes n'est pas en danger... Je lui dessinerai une muselière, à ton mouton... Je te dessinerai une armure pour ta fleur... Je...""Je ne savais pas trop quoi dire."
297,Je me sentais très maladroit.
298,"Je ne savais comment l'atteindre, où le rejoindre... C'est tellement mystérieux, le pays des larmes."
300,"Il y 'avait toujours eu, sur la planète du petit prince, des fleurs très simples, ornées d'un seul rang de pétales, et qui ne tenaient point de place, et qui ne dérangeaient personne."
301,"Elles apparaissaient un matin dans l'herbe, et puis elles s'éteignaient le soir."
302,"Mais celle-là avait germé un jour, d'une graine apportée d'on ne sait où, et le petit prince avait surveillé de très près cette brindille qui ne ressemblait pas aux autres brindilles."
303,Ça pouvait être un nouveau genre de baobab.
304,"Mais l'arbuste cessa vite de croître, et commença de préparer une fleur."
305,"Le petit prince, qui assistait à l'installation d'un bouton énorme, sentait bien qu'il en sortirait une apparition miraculeuse, mais la fleur n'en finissait pas de se préparer à être belle, à l'abri de sa chambre verte."
306,Elle choisissait avec soin ses couleurs.
307,"Elle s'habillait lentement, elle ajustait un à un ses pétales."
308,Elle ne voulait pas sortir toute fripée comme les coquelicots.
309,Elle ne voulait apparaître que dans le plein rayonnement de sa beauté.
310,Eh !
311,oui.
312,Elle était très coquette !
313,Sa toilette mystérieuse avait donc duré des jours et des jours.
314,"Et puis voici qu'un matin, justement à l'heure du lever du soleil, elle s'était montrée."
315,"Et elle, qui avait travaillé avec tant de précision, dit en bâillant :

- Ah !"
316,Je me réveille à peine... Je vous demande pardon... Je suis encore toute décoiffée...
317,"Le petit prince, alors, ne put contenir son admiration

- Que vous êtes belle !"
318,"- N'est-ce pas, répondit doucement la fleur."
319,Et je suis née en même temps que le soleil...
320,"Le petit prince devina bien qu'elle n'était pas trop modeste, mais elle était si émouvante !"
321,"- C'est l'heure, je crois, du petit déjeuner, avait elle bientôt ajouté, auriez vous la bonté de penser à moi..."
322,"Et le petit prince, tout confus, ayant été chercher un arrosoir d'eau fraîche, avait servi la fleur."
323,Ainsi l'avait-elle bien vite tourmenté par sa vanité un peu ombrageuse.
324,"Un jour, par exemple, parlant de ses quatre épines, elle avait dit au petit prince

Ils peuvent venir, les tigres, avec leurs griffes

Il n'y a pas de tigres sur ma planète, avait objecté le petit prince, et puis les tigres ne mangent pas l'herbe."
325,"- Je ne suis pas une herbe, avait doucement répondu la fleur."
326,"- Pardonnez-moi...

- Je ne crains rien des tigres, mais j'ai horreur des courants d'air."
327,Vous n'auriez pas un paravent ?
328,"""Horreur des courants d'air... ce n'est pas de chance, pour une plante, avait remarqué le petit prince."
329,"Cette fleur est bien compliquée...""

- Le soir vous me mettrez sous globe."
330,Il fait très froid chez vous.
331,C'est mal installé.
332,"Là d'où je viens...

Mais elle s'était interrompue."
333,"Elle était venue sous forme de graine, elle n'avait rien pu connaître des autres mondes."
334,"Humiliée de s'être laissé surprendre à préparer un mensonge aussi naïf, elle avait toussé deux ou trois fois, pour mettre le petit prince dans son tort

- Ce paravent ?..."
335,- J'allais le chercher mais vous me parliez !
336,Alors elle avait forcé sa toux pour lui infliger quand même des remords.
337,"Ainsi le petit prince, malgré la bonne volonté de son amour, avait vite douté d'elle."
338,"Il avait pris au sérieux des mots sans importance, et était devenu très malheureux."
339,"""J'aurais dû ne pas l'écouter, me confia-t-il un jour, il ne faut jamais écouter les fleurs."
340,Il faut les regarder et les respirer.
341,"La mienne embaumait ma planète, mais je ne savais pas m'en réjouir."
342,"Cette histoire de griffes, qui m'avait tellement agacé, eût dû m'attendrir...""

Il me confia encore :

""Je n'ai alors rien su comprendre J'aurais dû la juger sur les actes et non sur les mots."
343,Elle m'embaumait et m'éclairait.
344,Je n'aurais jamais dû m'enfuir !
345,J'aurais dû deviner sa tendresse derrière ses pauvres ruses.
346,Les fleurs sont si contradictoires !
347,"Mais j'étais trop jeune pour savoir l'aimer."""
349,Au matin du départ il mit sa planète bien en ordre.
350,Il ramona soigneusement ses volcans en activité.
351,Il possédait deux volcans en activité.
352,Et c'était bien commode pour faire chauffer le petit déjeuner du matin.
353,Il possédait aussi un volcan éteint.
354,"Mais, comme il disait :""On ne sait jamais !"
355,"""Il ramona donc également le volcan éteint."
356,"S'ils sont bien ramonés, les volcans brûlent doucement et régulièrement, sans éruptions."
357,Les éruptions volcaniques sont comme des feux de cheminée.
358,Évidemment sur notre terre nous sommes beaucoup trop petits pour ramoner nos volcans.
359,C'est pourquoi ils nous causent des tas d'ennuis.
360,"Le petit prince arracha aussi, avec un peu de mélancolie, les dernières pousses de baobabs."
361,Il croyait ne jamais devoir revenir.
362,"Mais tous ces travaux familiers lui parurent, ce matin-là, extrêmement doux."
363,"Et, quand il arrosa une dernière fois la fleur, et se prépara à la mettre à l'abri sous son globe, il se découvrit l'envie de pleurer."
364,"- Adieu, dit-il à la fleur."
365,Mais elle ne lui répondit pas.
366,"- Adieu, répéta-t-il."
367,La fleur toussa.
368,Mais ce n'était pas à cause de son rhume.
369,"J'ai été sotte, lui dit-elle enfin."
370,Je te demande pardon.
371,Tâche d'être heureux.
372,Il fut surpris par l'absence de reproches.
373,"Il restait là tout déconcerté, le globe en l'air."
374,Il ne comprenait pas cette douceur calme.
375,"- Mais oui, je t'aime, lui dit la fleur."
376,"Tu n'en as rien su, par ma faute."
377,Cela n'a aucune importance.
378,Mais tu as été aussi sot que moi.
379,Tâche d'être heureux... Laisse ce globe tranquille.
380,Je n'en veux plus.
381,"- Mais le vent...

- je ne suis pas si enrhumée que ça... L'air frais de la nuit me fera du bien."
382,Je suis une fleur.
383,"- Mais les bêtes...

- Il faut bien que je supporte deux ou trois chenilles si je veux connaître les papillons."
384,Il paraît que c'est tellement beau.
385,Sinon qui me rendra visite ?
386,"Tu seras loin, toi."
387,"Quant aux grosses bêtes, je ne crains rien."
388,J'ai mes griffes.
389,Et elle montrait naïvement ses quatre épines.
390,"Puis elle ajouta :

- Ne traîne pas comme ça, c'est agaçant."
391,Tu as décidé de partir.
392,Va-t'en.
393,Car elle ne voulait pas qu'il la vît pleurer.
395,Le premier était habité par un roi.
396,"Le roi siégeait, habillé de pourpre et d'hermine, sur un trône très simple et cependant majestueux."
397,- Ah !
398,"Voilà un sujet, s'écria le roi quand il aperçut le petit prince."
399,"Et le petit prince se demanda

""Comment peut-il me reconnaître puisqu'il ne m'a encore jamais vu ?"""
400,"il ne savait pas que, pour les rois, le monde est très simplifié."
401,Tous les hommes sont des sujets.
402,"- Approche-toi que je te voie mieux, lui dit le roi qui était tout fier d'être enfin roi pour quelqu'un."
403,"Le petit prince chercha des yeux où s'asseoir, mais la planète était tout encombrée par le magnifique manteau d'hermine."
404,"Il resta donc debout, et, comme il était fatigué, il bâilla."
405,"- Il est contraire à l'étiquette de bâiller en présence d'un roi, lui dit le monarque."
406,Je te l'interdis.
407,"- Je ne peux pas m'en empêcher, répondit le petit prince tout confus."
408,"J'ai fait un long voyage et je n'ai pas dormi...

- Alors, lui dit le roi, je t'ordonne de bâiller."
409,Je n'ai vu personne bâiller depuis des années.
410,Les bâillements sont pour moi des curiosités.
411,Allons !
412,bâille encore.
413,C'est un ordre.
414,- Ça m'intimide... je ne peux plus... fit le petit prince tout rougissant.
415,- Hum !
416,hum !
417,répondit le roi.
418,"Alors je... je t'ordonne tantôt de bâiller et tantôt de...

Il bredouillait un peu et paraissait vexé."
419,Car le roi tenait essentiellement à ce que son autorité fût respectée.
420,Il ne tolérait pas la désobéissance.
421,C'était un monarque absolu.
422,"Mais, comme il était très bon, il donnait des ordres raisonnables."
423,"""Si j'ordonnais, disait-il couramment, si j'ordonnais à un général de se changer en oiseau de mer, et si le général n'obéissait pas, ce ne serait pas la faute du général."
424,"Ce serait ma faute."""
425,- Puis-je m'asseoir ?
426,S'enquit timidement le petit prince.
427,"- Je t'ordonne de t'asseoir, lui répondit le roi, qui ramena majestueusement un pan de son manteau d'hermine."
428,Mais le petit prince s'étonnait.
429,La planète était minuscule.
430,Sur quoi le roi pouvait-il bien régner ?
431,"- Sire .... Lui dit-il, je vous demande pardon de vous interroger ...

- Je t'ordonne de m'interroger, se hâta de dire le roi."
432,- Sire... sur quoi régnez-vous ?
433,"- Sur tout, répondit le roi, avec une grande simplicité."
434,- Sur tout ?
435,"Le roi d'un geste discret désigna sa planète, les autres planètes et les étoiles."
436,- Sur tout ça ?
437,dit le petit prince.
438,- Sur tout ça... répondit le roi.
439,Car non seulement c'était un monarque absolu mais c'était un monarque universel.
440,- Et les étoiles vous obéissent ?
441,"- Bien sûr, lui dit le roi."
442,Elles obéissent aussitôt.
443,Je ne tolère pas l'indiscipline.
444,Un tel pouvoir émerveilla le petit prince.
445,"S'il l'avait détenu lui-même, il aurait pu assister, non pas à quarante quatre, mais à soixante-douze, ou même a cent, ou même à deux cents couchers de soleil dans la même journée, sans avoir jamais à tirer sa chaise !"
446,"Et comme il se sentait un peu triste à cause du souvenir de sa petite planète abandonnée, il s'enhardit à solliciter une grâce du roi :

- Je voudrais voir un coucher de soleil... Faites-moi plaisir... Ordonnez au soleil de se coucher...

- Si j'ordonnais à un général de voler d'une fleur à l'autre à la façon d'un papillon, ou d'écrire une tragédie, ou de se changer en oiseau de mer, et si le général n'exécutait pas l'ordre reçu, qui, de lui ou de moi, serait dans son tort ?"
447,"- Ce serait vous, dit fermement le petit prince."
448,- Exact.
449,"Il faut exiger de chacun ce que chacun peut donner, reprit le roi."
450,L'autorité repose d'abord sur la raison.
451,"Si tu ordonnes à ton peuple d'aller se jeter à la mer, il fera la révolution."
452,J'ai le droit d'exiger l'obéissance parce que mes ordres sont raisonnables.
453,- Alors mon coucher de soleil?
454,Rappela le petit prince qui jamais n'oubliait une question une fois qu'il l'avait posée.
455,- Ton coucher de soleil tu l'auras.
456,Je l'exigerai.
457,"Mais j'attendrai, dans ma science du gouvernement, que les conditions soient favorables."
458,- Quand ça sera-t-il ?
459,S'informa le petit prince.
460,- Hem !
461,hem !
462,"Lui répondit le roi, qui consulta d'abord un gros calendrier, hem !"
463,hem !
464,"Ce sera, vers... vers... ce sera ce soir vers sept heures quarante !"
465,Et tu verras comme je suis bien obéi.
466,Le petit prince bâilla.
467,"Il regrettait son coucher de soleil manqué, Et puis il s'ennuyait déjà un peu :

- Je n'ai plus rien à faire ici, dit-il au roi."
468,Je vais repartir !
469,"- Ne pars pas, répondit le roi qui était si fier d'avoir un sujet."
470,"Ne pars pas, je te fais ministre

- Ministre de quoi ?"
471,"- De... de la justice

- Mais il n'y a personne à juger

- On ne sait pas, lui dit le roi."
472,Je n'ai pas fait encore le tour de mon royaume.
473,"Je suis très vieux, je n'ai pas de place pour un carrosse, et ça me fatigue de marcher."
474,Oh !
475,"Mais j'ai déjà vu, dit le petit prince qui se pencha pour jeter encore un coup d'oeil sur l'autre côté de la planète."
476,"Il n'y a personne là-bas non plus...

- Tu te jugeras donc toi-même, lui répondit le roi."
477,C'est le plus difficile.
478,Il est bien plus difficile de se juger soi-même que de juger autrui.
479,"Si tu réussis à bien te juger, c'est que tu es un véritable sage."
480,"- Moi, dit le petit prince, je puis me juger moi-même n'importe où."
481,Je n'ai pas besoin d'habiter ici.
482,- Hem !
483,hem !
484,"dit le roi, je crois bien que sur ma planète il y a quelque part un vieux rat."
485,Je l'entends la nuit.
486,Tu pourras juger ce vieux rat.
487,Tu le condamneras à mort de temps en temps.
488,Ainsi sa vie dépendra de ta justice.
489,Mais tu le gracieras chaque fois pour l'économiser.
490,Il n'y en a qu'un.
491,"- Moi, répondit le petit prince, je n'aime pas condamner à mort, et je crois bien que je m'en vais."
492,"- Non, dit le roi."
493,"Mais le petit prince, ayant achevé ses préparatifs, ne voulut point peiner le vieux monarque :

- Si Votre Majesté désirait être obéie ponctuellement, elle pourrait me donner un ordre raisonnable."
494,"Elle pourrait m'ordonner, par exemple, de partir avant une minute."
495,Il me semble que les conditions sont favorables... .
496,"Le roi n'ayant rien répondu, le petit prince hésita d'abord, puis, avec un soupir, prit le départ."
497,"- Je te fais mon ambassadeur, se hâta alors de crier le roi."
498,Il avait un grand air d'autorité.
499,"""Les grandes personnes sont bien étranges"", se dit le petit prince, en lui-même, durant son voyage."
501,"Voilà la visite d'un admirateur

S'écria de loin le vaniteux dès qu'il aperçut le petit prince."
502,"Car, pour les vaniteux, les autres hommes sont des admirateurs."
503,"- Bonjour, dit le petit prince."
504,Vous avez un drôle de chapeau.
505,"- C'est pour saluer, lui répondit le vaniteux."
506,C'est pour saluer quand on m'acclame.
507,Malheureusement il ne passe jamais personne par ici.
508,- Ah oui ?
509,dit le petit prince qui ne comprit pas.
510,"- Frappe tes mains l'une contre l'autre, conseilla donc le vaniteux."
511,Le petit prince frappa ses mains l'une contre l'autre.
512,Le vaniteux salua modestement en soulevant son chapeau.
513,"Ça c'est plus amusant que la visite au roi, se dit en, lui-même le petit prince."
514,Et il recommença de frapper ses mains l'une contre l'autre.
515,Le vaniteux recommença de saluer en soulevant son chapeau.
516,"Après cinq minutes d'exercice le petit prince se fatigua de la monotonie du jeu

Et pour que le chapeau tombe, demanda-t-il, -que faut-il faire ?"
517,Mais le vaniteux ne l'entendit pas.
518,Les vaniteux n'entendent jamais que les louanges.
519,Est-ce que tu m'admires vraiment beaucoup ?
520,demanda-t-il au petit prince.
521,- Qu'est-ce que signifie admirer ?
522,"- Admirer signifie reconnaître que je suis l'homme le plus beau, le mieux habillé, le plus riche et le plus intelligent de la planète."
523,"- Mais tu es seul sur ta planète

- Fais-moi ce plaisir."
524,"Admire-moi quand même

- Je t'admire, dit le petit prince, en haussant un peu les épaules, mais en quoi cela peut-il bien t'intéresser ?"
525,Et le petit prince s'en fut.
526,"""Les grandes personnes sont décidément bien bizarres"", se dit-il simplement en lui-même durant son voyage."
528,"Cette visite fut très courte mais elle plongea le petit prince dans une grande mélancolie :

- Que fais-tu là ?"
529,"dit-il au buveur, qu'il trouva installé en silence devant une collection de bouteilles vides et une collection de bouteilles pleines."
530,"- Je bois, répondit le buveur, d'un air lugubre."
531,- Pourquoi bois-tu ?
532,Lui demanda le petit prince.
533,"- Pour oublier, répondit le buveur."
534,- Pour oublier quoi ?
535,S'enquit le petit prince qui déjà le plaignait.
536,"- Pour oublier que j'ai honte, avoua le buveur en baissant la tête."
537,- Honte de quoi ?
538,S'informa le petit prince qui désirait le secourir.
539,- Honte de boire !
540,Acheva le buveur qui s'enferma définitivement dans le silence.
541,"Et le petit prince s'en fut, perplexe."
542,"""Les grandes personnes sont décidément très très bizarres"", se disait-il en lui-même durant le voyage."
544,Cet homme était si occupé qu'il ne leva même pas la tête à l'arrivée du petit prince.
545,"- Bonjour, lui dit celui-ci."
546,Votre cigarette est éteinte.
547,- Trois et deux font cinq.
548,Cinq et sept douze.
549,Douze et trois quinze.
550,Bonjour.
551,Quinze et sept vingt-deux.
552,Vingt-deux et six vingt-huit.
553,Pas le temps de la rallumer.
554,Vingt-six et cinq trente et un.
555,Ouf !
556,Ça fait donc cinq cent un millions six cent vingt-deux mille sept cent trente et un.
557,- Cinq cents millions de quoi ?
558,- Hein?
559,Tu es toujours là ?
560,Cinq cent un millions de... je ne sais plus... J'ai tellement de travail !
561,"Je suis sérieux, moi, je ne m'amuse pas à des balivernes !"
562,"Deux et cinq sept...
- Cinq cent un millions de quoi ?"
563,"Répéta le petit prince qui jamais de sa vie n'avait renoncé à une question, une fois qu'il l'avait posée."
564,"Le businessman leva la tête

- Depuis cinquante-quatre ans que j'habite cette planète-ci, je n'ai été dérangé que trois fois."
565,"La première fois ç'a été, il y a vingt-deux ans, par un hanneton qui était tombé Dieu sait d'où."
566,"Il répandait un bruit épouvantable, et j 'ai fait quatre erreurs dans une addition."
567,"La seconde fois ç'a été, il y a onze ans, par une crise de rhumatisme."
568,Je manque d'exercice.
569,Je n'ai pas le temps de flâner.
570,"Je suis sérieux, moi."
571,La troisième fois... la voici !
572,"Je disais donc cinq cent un millions...

- Millions de quoi ?"
573,"Le businessman comprit qu'il n'était point d'espoir de paix :

- Millions de ces petites choses que l'on voit quelquefois dans le ciel."
574,- Des mouches ?
575,"- Mais non, des petites choses qui brillent."
576,- Des abeilles ?
577,- Mais non.
578,Des petites choses dorées qui font rêvasser les fainéants.
579,"Mais je suis sérieux, moi !"
580,Je n'ai pas le temps de rêvasser.
581,- Ah !
582,Des étoiles ?
583,- C'est bien ça.
584,Des étoiles.
585,- Et que fais-tu de cinq cents millions d'étoiles ?
586,- Cinq cent un millions six cent vingt-deux mille sept cent trente et un.
587,"Je suis sérieux, moi, je suis précis."
588,- Et que fais-tu de ces étoiles ?
589,- Ce que j'en fais ?
590,- Oui.
591,- Rien.
592,Je les possède.
593,- Tu possèdes les étoiles ?
594,- Oui.
595,"- Mais j'ai déjà vu un roi qui...

- Les rois ne possèdent pas."
596,"Ils""règnent""sur."
597,C'est très différent.
598,"- Et à quoi cela te sert-il de posséder les étoiles

- ça me sert à être riche."
599,- Et à quoi cela te sert-il d'être riche ?
600,"- À acheter d'autres étoiles, si quelqu'un en trouve."
601,"""Celui-là, se dit en lui-même le petit prince, il raisonne un peu comme mon ivrogne."""
602,"Cependant il posa encore des questions :

- Comment peut-on posséder les étoiles ?"
603,- À qui sont-elles ?
604,"Riposta, grincheux, le businessman."
605,- Je ne sais pas.
606,À personne.
607,"- Alors elles sont à moi, car j'y ai pensé le premier

- Ça suffit ?"
608,- Bien sûr.
609,"Quand tu trouves un diamant qui n'est à personne, il est à toi."
610,"Quand tu trouves une île qui n'est à personne, elle est à toi."
611,"Quand tu as une idée le premier, tu la fais breveter : elle est à toi."
612,"Et moi je possède les étoiles, puisque jamais personne avant moi n'a songé à les posséder."
613,"- Ça c'est vrai, dit le petit prince."
614,Et qu'en fais-tu ?
615,- Je les gère.
616,"Je les compte et je les recompte, dit le businessman."
617,C'est difficile.
618,Mais je suis un homme sérieux !
619,Le petit prince n'était pas satisfait encore.
620,"- Moi, si je possède un foulard, je puis le mettre autour de mon cou et l'emporter."
621,"Moi, si je possède une fleur, je puis cueillir ma fleur et l'emporter."
622,Mais tu ne peux pas cueillir les étoiles !
623,"- Non, mais je puis les placer en banque."
624,- Qu'est-ce que ça veut dire ?
625,- ça veut dire que j'écris sur un petit papier le nombre de mes étoiles.
626,Et puis j'enferme à clef ce papier là dans un tiroir.
627,- Et c'est tout ?
628,- Ça suffit !
629,"""C'est amusant, pensa le petit prince."
630,C'est assez poétique.
631,"Mais ce n'est pas très sérieux."""
632,Le petit prince avait sur les choses sérieuses des idées très différentes des idées des grandes personnes.
633,"- Moi, dit-il encore, je possède une fleur que j'arrose tous les jours."
634,Je possède trois volcans que je ramone toutes les semaines.
635,Car je ramone aussi celui qui est éteint.
636,On ne sait jamais.
637,"C'est utile à mes volcans, et c'est utile à ma fleur, que je les possède."
638,Mais tu n'es pas utile aux étoiles.
639,"Le businessman ouvrit la bouche mais né trouva rien à répondre, et le petit prince s'en fut."
640,"""Les grandes personnes sont décidément tout à fait extraordinaires"", se disait-il simplement en lui-même durant le voyage."
642,C'était la plus petite de toutes.
643,Il y avait là juste assez de place pour loger un réverbère et un allumeur de réverbères.
644,"Le petit prince ne parvenait pas à s'expliquer à quoi pouvaient servir, quelque part dans le ciel, sur une planète sans maison, ni population, un réverbère et un allumeur de réverbères."
645,"Cependant il se dit en lui-même :

""Peut-être bien que cet homme est absurde."
646,"Cependant il est moins absurde que le roi, que le vaniteux, que le businessman et que le buveur."
647,Au moins son travail a-t-il un sens.
648,"Quand il allume son réverbère, c'est comme s'il faisait naître une étoile de plus, ou une fleur."
649,"Quand il éteint son réverbère, ça endort la fleur ou l'étoile."
650,C'est une occupation très jolie.
651,"C'est véritablement utile puisque c'est joli."""
652,"Lorsqu'il aborda la planète il salua respectueusement l'allumeur :

- Bonjour."
653,Pourquoi viens-tu d'éteindre ton réverbère ?
654,"- C'est la consigne, répondit l'allumeur."
655,Bonjour.
656,- Qu'est-ce que la consigne ?
657,- C'est d'éteindre mon réverbère.
658,Bonsoir.
659,Et il le ralluma.
660,- Mais pourquoi viens-tu de le rallumer ?
661,"- C'est la consigne, répondit l'allumeur."
662,"- Je ne comprends pas, dit le petit prince."
663,"- Il n'y a rien à comprendre, dit l'allumeur."
664,La consigne c'est la consigne.
665,Bonjour.
666,Et il éteignit son réverbère.
667,Puis il s'épongea le front avec un mouchoir à carreaux rouges.
668,- Je fais là un métier terrible.
669,C'était raisonnable autrefois.
670,J'éteignais le matin et j'allumais le soir.
671,"J'avais le reste du jour pour me reposer, et le reste de la nuit pour dormir...

- Et, depuis cette époque, la consigne a changé?"
672,"- La consigne n'a pas changé, dit l'allumeur."
673,C'est bien là le drame !
674,"La planète d'année en année a tourné de plus en plus vite, et la consigne n'a pas changé

- Alors ?"
675,dit le petit prince.
676,"- Alors maintenant qu'elle fait un tour par minute, je n'ai plus une seconde de repos."
677,J'allume et j'éteins une fois par minute !
678,- Ça c'est drôle !
679,Les jours chez toi durent une minute !
680,"- Ce n'est pas drôle du tout, dit l'allumeur."
681,Ça fait déjà un mois que nous parlons ensemble.
682,- Un mois ?
683,Oui.
684,Trente minutes.
685,Trente jours !
686,Bonsoir.
687,Et il ralluma son réverbère.
688,Le petit prince le regarda et aima cet allumeur qui était tellement fidèle à la consigne.
689,"Il se souvint des couchers de soleil que lui-même allait autrefois chercher, en tirant sa chaise."
690,"Il voulut aider son ami :

- Tu sais... je connais un moyen de te reposer quand tu voudras...

- Je veux toujours, dit l'allumeur."
691,"Car on peut être, à la fois, fidèle et paresseux."
692,"Le petit prince poursuivit :

- Ta planète est tellement petite que tu en fais le tour en trois enjambées."
693,Tu n'as qu'à marcher assez lentement pour rester toujours au soleil.
694,Quand tu voudras te reposer tu marcheras... et le jour durera aussi longtemps que tu voudras.
695,"- ça ne m'avance pas à grand-chose, dit l'allumeur."
696,"Ce que j'aime dans la vie, c'est dormir."
697,"- Ce n'est pas de chance, dit le petit prince."
698,"- Ce n'est pas de chance, dit l'allumeur."
699,Bonjour.
700,Et il éteignit son réverbère.
701,"""Celui-là, se dit le petit prince, tandis qu'il poursuivait plus loin son voyage, celui-là serait méprisé par tous les autres, par le roi, par le vaniteux, par le buveur, par le businessman."
702,"Cependant, c'est le seul qui ne me paraisse pas ridicule."
703,"C'est, peut-être, parce qu'il s'occupe d'autre chose que de soi-même."""
704,"Il eut un soupir de regret et se dit encore

""Celui-là est le seul dont j'eusse pu faire mon ami."
705,Mais sa planète est vraiment trop petite.
706,"Il n'y a pas de place pour deux...""

Ce que le petit prince n'osait pas s'avouer, c'est qu'il regrettait cette planète bénie à cause, surtout, des mille quatre cent quarante couchers de soleil par vingt-quatre heures !"
708,Elle était habitée par un vieux Monsieur qui écrivait d'énormes livres.
709,- Tiens !
710,Voilà un explorateur !
711,"S'écria-t-il, quand il aperçut le petit prince."
712,Le petit prince s'assit sur la table et souffla un peu.
713,Il avait déjà tant voyagé !
714,- D'où viens-tu ?
715,Lui dit le vieux Monsieur.
716,- Quel est ce gros livre ?
717,dit le petit prince.
718,Que faites-vous ici ?
719,"- Je suis géographe, dit le vieux Monsieur."
720,- Qu'est-ce qu'un géographe ?
721,"- C'est un savant qui connaît où se trouvent les mers, les fleuves, les villes, les montagnes et les déserts."
722,"- Ça c'est bien intéressant, dit le petit prince."
723,Ça c'est enfin un véritable métier !
724,Et il jeta un coup d'oeil autour de lui sur la planète du géographe.
725,Il n'avait jamais vu encore une planète aussi majestueuse.
726,"- Elle est bien belle, votre planète."
727,Est-ce qu'il y a des océans ?
728,"- Je ne puis pas le savoir, dit le géographe'

- Ah !"
729,(Le petit prince était déçu.)
730,Et des montagnes ?
731,"- Je ne puis pas le savoir, dit le géographe."
732,- Et des villes et des fleuves et des déserts ?
733,"- Je ne puis pas le savoir non plus, dit le géographe."
734,- Mais vous êtes géographe !
735,"- C'est exact, dit le géographe, mais je ne suis pas explorateur."
736,Je manque absolument d'explorateurs.
737,"Ce n'est pas le géographe qui va faire le compte des villes, des fleuves, des montagnes, des mers, des océans et des déserts."
738,Le géographe est trop important pour flâner.
739,Il ne quitte pas son bureau.
740,Mais il y reçoit les explorateurs.
741,"Il les interroge, et il prend en note leurs souvenirs."
742,"Et si les souvenirs de l'un d'entre eux lui paraissent intéressants, le géographe fait faire une enquête sur la moralité de l'explorateur."
743,- Pourquoi ça ?
744,- Parce qu'un explorateur qui mentirait entraînerait des catastrophes dans les livres de géographie.
745,Et aussi un explorateur qui boirait trop.
746,- Pourquoi ça ?
747,fit le petit prince.
748,- Parce que les ivrognes voient double.
749,Alors le géographe noterait deux montagnes là où il n'y en a qu'une seule.
750,"- Je connais quelqu'un, dit le petit prince, qui serait mauvais explorateur."
751,- C'est possible.
752,"Donc, quand la moralité de l'explorateur paraît bonne, on fait une enquête sur sa découverte."
753,- On va voir ?
754,- Non.
755,C'est trop compliqué.
756,Mais on exige de l'explorateur qu'il fournisse des preuves.
757,"S'il s'agit par exemple de la découverte d'une grosse montagne, on exige qu'il en rapporte de grosses pierres."
758,Le géographe soudain s'émut.
759,"- Mais toi, tu viens de loin !"
760,Tu es explorateur !
761,Tu vas me décrire ta planète !
762,"Et le géographe, ayant ouvert son registre, tailla son crayon."
763,On note d'abord au crayon les récits des explorateurs.
764,"On attend, pour noter à l'encre, que l'explorateur ait fournie des preuves."
765,- Alors ?
766,Interrogea le géographe.
767,- Oh !
768,"Chez moi, dit le petit prince, ce n'est pas très intéressant, c'est tout petit."
769,J'ai trois volcans.
770,"Deux volcans en activité, et un volcan éteint."
771,Mais on ne sait jamais.
772,"- On ne sait jamais, dit le géographe."
773,- J'ai aussi une fleur.
774,"- Nous ne notons pas les fleurs, dit le géographe."
775,- Pourquoi ça !
776,C'est le plus joli !
777,- Parce que les fleurs sont éphémères.
778,"- Qu'est-ce que signifie""éphémère""?"
779,"- Les géographies, dit le géographe, sont les livres les plus précieux de tous les livres."
780,Elles ne se démodent jamais.
781,Il est très rare qu'une montagne change de place.
782,Il est très rare qu'un océan se vide de son eau.
783,Nous écrivons des choses éternelles.
784,"- Mais les volcans éteints peuvent se réveiller, interrompit le petit prince."
785,"Qu'est-ce que signifie""éphémère""?"
786,"- Que les volcans soient éteints ou soient éveillés, ça revient au même pour nous autres, dit le géographe."
787,"Ce qui compte pour nous, c'est la montagne."
788,Elle ne change pas.
789,"- Mais qu'est-ce que signifie""éphémère""?"
790,"répéta le petit prince qui, de sa vie, n'avait renoncé à une question, une fois qu'il l'avait posée."
791,"- Ça signifie""qui est menacé de disparition prochaine""."
792,- Ma fleur est menacée de disparition prochaine ?
793,- Bien sûr.
794,"""Ma fleur est éphémère, se dit le petit prince, et elle n'a que quatre épines pour se défendre contre le monde !"
795,"Et je l'ai laissée toute seule chez moi !"""
796,Ce fut là son premier mouvement de regret.
797,"Mais il reprit courage :

Que me conseillez-vous d'aller visiter ?"
798,"demanda-

La planète Terre, lui répondit le géographe."
799,Elle a une bonne réputation...
800,"Et le petit prince s'en fut, songeant à sa fleur."
802,La Terre n'est pas une planète quelconque !
803,"On y compte cent onze rois (en n'oubliant pas, bien sûr, les rois nègres), sept mille géographes, neuf cent mille businessman, sept millions et demi d'ivrognes, trois cent onze millions de vaniteux, c'est-à-dire environ deux milliards de grandes personnes."
804,"Pour vous donner une idée des dimensions de la Terre je vous dirai qu'avant l'invention de l'électricité on y devait entretenir, sur l'ensemble des six continents, une véritable armée de quatre cent soixante-deux mille cinq cent onze allumeurs de réverbères."
805,Vu d'un peu loin ça faisait un effet splendide.
806,Les mouvements de cette armée étaient réglés comme ceux d'un ballet d'opéra.
807,D'abord venait le tour des allumeurs de réverbères de Nouvelle-Zélande et d'Australie.
808,"Puis ceux-ci, ayant allumé leurs lampions, s'en allaient dormir."
809,Alors entraient à leur tour dans la danse les allumeurs de réverbères de Chine et de Sibérie.
810,Puis eux aussi s'escamotaient dans les coulisses.
811,Alors venait le tour des allumeurs de réverbères de Russie et des Indes.
812,Puis de ceux d'Afrique et d'Europe.
813,Puis de ceux d'Amérique du Sud.
814,Puis de ceux d'Amérique du Nord.
815,Et jamais ils ne se trompaient dans leur ordre d'entrée en scène.
816,C'était grandiose.
817,"Seuls, l'allumeur de l'unique réverbère du pôle Nord, et son confrère de l'unique réverbère du pôle Sud, menaient des vies d'oisiveté et de nonchalance : ils travaillaient deux fois par an."
819,Je n'ai pas été très honnête en vous parlant des allumeurs de réverbères.
820,Je risque de donner une fausse idée de notre planète à ceux qui ne la connaissent pas.
821,Les hommes occupent très peu de place sur la terre.
822,"Si les deux milliards d'habitants qui peuplent la terre se tenaient debout et un peu serrés, comme pour un meeting, ils logeraient aisément sur une place publique de vingt milles de long sur vingt milles de large."
823,On pourrait entasser l'humanité sur le moindre petit îlot du Pacifique.
824,"Les grandes personnes, bien sûr, ne vous croiront pas."
825,Elles s'imaginent tenir beaucoup de place.
826,Elles se voient importantes comme des baobabs.
827,Vous leur conseillerez donc de faire le calcul.
828,Elles adorent les chiffres : ça leur plaira.
829,Mais ne perdez pas votre temps à ce pensum.
830,C'est inutile.
831,Vous avez confiance en moi.
832,"Le petit prince, une fois sur terre, fut donc bien surpris de ne voir personne."
833,"Il avait déjà peur de s'être trompé de planète, quand un anneau couleur de lune remua dans le sable."
834,"- Bonne nuit, fit le petit prince à tout hasard."
835,"- Bonne nuit, fit le serpent."
836,- Sur quelle planète suis-je tombé ?
837,demanda le petit prince.
838,"- Sur la Terre, en Afrique, répondit le serpent."
839,- Ah !
840,... Il n'y a donc personne sur la Terre ?
841,- Ici c'est le désert.
842,Il n'y a personne dans les déserts.
843,"La Terre est grande, dit le serpent."
844,"Le petit prince s'assit sur une pierre et leva les yeux vers le ciel :

- Je me demande, dit-il, si les étoiles sont éclairées afin que chacun puisse un jour retrouver la sienne."
845,Regarde ma planète.
846,Elle est juste au-dessus de nous... Mais comme elle est loin !
847,"- Elle est belle, dit le serpent."
848,Que viens-tu faire ici ?
849,"- J'ai des difficultés avec une fleur, dit le petit prince."
850,- Ah !
851,fit le serpent.
852,Et ils se turent.
853,- Où sont les hommes ?
854,reprit enfin le petit prince.
855,"On est un peu seul dans le désert...

- On est seul aussi chez les hommes, dit le serpent."
856,"Le petit prince le regarda longtemps :

- Tu es une drôle de bête, lui dit-il enfin, mince comme un doigt...

- Mais je suis plus puissant que le doigt d'un roi, dit le serpent."
857,"Le petit prince eut un sourire

- Tu n'es pas bien puissant... tu n'as même pas de Pattes... tu ne Peux même pas voyager."
858,"- Je puis t'emporter plus loin qu'un navire, dit le serpent."
859,"Il s'enroula autour de la cheville du petit prince, comme un bracelet d'or :

- Celui que je touche, je le rends à la terre dont il est sorti, dit-il encore."
860,Mais tu es pur et tu viens d'une étoile...
861,Le petit prince ne répondit rien.
862,"- Tu me fais pitié, toi si faible, sur cette Terre de granit."
863,Je puis t'aider un jour si tu regrettes trop ta planète.
864,"Je puis ...

- Oh !"
865,"J'ai très bien compris, fit le petit prince, mais pourquoi parles-tu toujours par énigmes ?"
866,"- Je les résous toutes, dit le serpent."
867,Et ils se turent.
869,"Une fleur à trois pétales, une fleur de rien du tout...

- Bonjour, dit le prince."
870,"- Bonjour, dit la fleur."
871,- Où sont les hommes ?
872,demanda poliment le petit prince.
873,"La fleur, un jour, avait vu passer une caravane

- Les hommes ?"
874,"Il en existe, je crois, six ou sept. Je les ai aperçus il y a des années."
875,Mais on ne sait jamais où les trouver.
876,Le vent les promène.
877,"Ils manquent de racines, ça les gêne beaucoup."
878,"- Adieu, fit le petit prince."
879,"- Adieu, dit la fleur."
881,Les seules montagnes qu'il eût jamais connues étaient les trois volcans qui lui arrivaient au genou.
882,Et il se servait du volcan éteint comme d'un tabouret.
883,"""D'une montagne haute comme celle-ci, se dit-il donc, j'apercevrai d'un coup toute la planète et tous les hommes...""Mais il n'aperçut rien que des aiguilles de roc bien aiguisées."
884,"- Bonjour, dit-il à tout hasard."
885,- Bonjour... bonjour... bonjour... répondit l'écho.
886,- Qui êtes-vous ?
887,dit le petit prince.
888,- Qui êtes-vous... qui êtes-vous... qui êtes-vous... répondit l'écho.
889,"- Soyez mes amis, je suis seul, dit-il."
890,- Je suis seul ... je suis seul... je suis seul ... répondit l'écho.
891,"""Quelle drôle de planète !"
892,pensa-t-il alors.
893,"Elle est toute sèche, et toute pointue et toute salée."
894,Et les hommes manquent d'imagination.
896,Et les routes vont toutes chez les hommes.
897,"- Bonjour, dit-il."
898,C'était un jardin fleuri de roses.
899,"- Bonjour, dirent les roses."
900,Le petit prince les regarda.
901,Elles ressemblaient toutes à sa fleur.
902,- Qui êtes-vous ?
903,"Leur demanda-t-il, stupéfait."
904,"- Nous sommes des roses, dirent les roses."
905,- Ah !
906,fit le petit prince...
907,Et il se sentit très malheureux.
908,Sa fleur lui avait raconté qu'elle était seule de son espèce dans l'univers.
909,"Et voici qu'il en était cinq mille, toutes semblables, dans un seul jardin !"
910,"""Elle serait bien vexée, se dit-il, si elle voyait ça... elle tousserait énormément et ferait semblant de mourir pour échapper au ridicule."
911,"Et je serais bien obligé de faire semblant de la soigner, car, sinon, pour m'humilier moi aussi, elle se laisserait vraiment mourir...""

Puis il se dit encore :""Je me croyais riche d'une fleur unique, et je ne possède qu'une rose ordinaire."
912,"Ça et mes trois volcans qui m'arrivent au genou, et dont l'un, peut-être, est éteint pour toujours, ça ne fait pas de moi un bien grand prince ...""Et, couché dans l'herbe, il pleura."
914,"- Bonjour, dit le renard."
915,"- Bonjour, répondit poliment le petit prince, qui se retourna mais ne vit rien."
916,"- Je suis là, dit la voix, sous le pommier...

- Qui es-tu ?"
917,dit le Petit prince.
918,"Tu es bien joli...

- Je suis un renard, dit le renard."
919,"- Viens jouer avec moi, lui proposa le petit prince."
920,"Je suis tellement triste...

- Je ne puis pas jouer avec toi, dit le renard."
921,Je ne suis pas apprivoisé.
922,- Ah !
923,"Pardon, fit le petit prince."
924,"Mais, après réflexion, il ajouta :

- Qu'est-ce que signifie""apprivoiser""?"
925,"- Tu n'es pas d'ici, dit le renard, que cherches-tu ?"
926,"- Je cherche les hommes, dit le petit prince."
927,"Qu'est ce que signifie""apprivoiser""?"
928,"- Les hommes, dit le renard, ils ont des fusils et ils chassent."
929,C'est bien gênant !
930,Ils élèvent aussi des poules.
931,C'est leur seul intérêt.
932,Tu cherches des poules ?
933,"- Non, dit le petit prince."
934,Je cherche des amis.
935,"Qu'est-ce que signifie""apprivoiser""?"
936,"- C'eft une chose trop oubliée, dit le renard."
937,"Ça signifie""créer des liens...""

- Créer des liens ?"
938,"- Bien sûr, dit le renard."
939,Tu n'es encore pour moi qu'un petit garçon tout semblable à cent mille petits garçons.
940,Et je n'ai pas besoin de toi.
941,Et tu n'as pas besoin de moi non plus.
942,Je ne suis pour toi qu'un renard semblable à cent raille renards.
943,"Mais, si tu m'apprivoises, nous aurons besoin l'un de l'autre."
944,Tu seras pour moi unique au monde.
945,"je serai pour toi unique au monde...

- je commence à comprendre, dit le petit prince."
946,"Il y a une fleur... je crois qu'elle m'a apprivoisé...

- C'est possible, dit le renard."
947,"On voit sur la Terre toutes sortes de choses...

- Oh !"
948,"ce n'est pas sur la Terre, dit le petit prince."
949,"Le renard parut très intrigué

- Sur une autre planète ?"
950,- Oui.
951,"- Il y a des chasseurs, sur cette planète-là ?"
952,- Non.
953,"- ça, c'est intéressant !"
954,Et des poules ?
955,- Non.
956,"- Rien n'est parfait, soupira le renard."
957,"Mais le renard revint à son idée :

- Ma vie est monotone."
958,"Je chasse les poules, les hommes me chassent."
959,"Toutes les poules se ressemblent, et tous les hommes se ressemblent."
960,Je m'ennuie donc un peu.
961,"Mais, si tu m'apprivoises, ma vie sera comme ensoleillée."
962,Je connaîtrai un bruit de pas qui sera différent de tous les autres.
963,Les autres pas me font rentrer sous terre.
964,"Le tien m'appellera hors du terrier, comme une musique."
965,Et puis regarde !
966,"Tu vois, là-bas, les champs de blé ?"
967,Je ne mange pas de pain.
968,Le blé pour moi est inutile.
969,Les champs de blé ne me rappellent rien.
970,"Et ça, c'est triste !"
971,Mais tu as des cheveux couleur d'or.
972,Alors ce sera merveilleux quand tu m'auras apprivoisé !
973,"Le blé, qui est doré, me fera souvenir de toi."
974,Et j'aimerai le bruit du vent dans le blé...
975,"Le renard se tut et regarda longtemps le petit prince :

- S'il te plaît... apprivoise-moi !"
976,dit-il.
977,"- Je veux bien, répondit le petit prince, mais je n'ai pas beaucoup de temps."
978,J'ai des amis à découvrir et beaucoup de choses à connaître.
979,"- On ne connaît que les choses que l'on apprivoise, dit le renard."
980,Les hommes n'ont plus le temps de rien connaître.
981,Ils achètent des choses toutes faites chez les marchands.
982,"Mais comme il n'existe point de marchands d'amis, les hommes n'ont plus d'amis."
983,"Si tu veux un ami, apprivoise-moi !"
984,- Que faut-il faire ?
985,dit le petit prince.
986,"- Il faut être très patient, répondit le renard."
987,"Tu t'assoiras d'abord un peu loin de moi, comme ça, dans l'herbe."
988,Je te regarderai du coin de l'oeil et tu ne diras rien.
989,Le langage est source de malentendus.
990,"Mais, chaque jour, tu pourras t'asseoir un peu plus près..."
991,Le lendemain revint le petit prince.
992,"- Il eût mieux valu revenir à la même heure, dit le renard."
993,"Si tu viens, par exemple, à quatre heures de l'après-midi, dès trois heures je commencerai d'être heureux."
994,"Plus l'heure avancera, plus je me sentirai heureux."
995,"À quatre heures, déjà, je m'agiterai et m'inquiéterai; je découvrirai le prix du bonheur !"
996,"Mais si tu viens n'importe quand, je ne saurai jamais à quelle heure m'habiller le coeur... Il faut des rites."
997,- Qu'est-ce qu'un rite ?
998,dit le petit prince.
999,"- C'est aussi quelque chose de trop oublié, dit le renard."
1000,"C'est ce qui fait qu'un jour est différent des autres jours, une heure, des autres heures."
1001,"Il y a un rite, par exemple, chez mes chasseurs."
1002,Ils dansent le jeudi avec les filles du village.
1003,Alors le jeudi est jour merveilleux !
1004,Je vais me promener jusqu'à la vigne.
1005,"Si les chasseurs dansaient n'importe quand, les jours se ressembleraient tous, et je n'aurais point de vacances."
1006,Ainsi le petit prince apprivoisa le renard.
1007,"Et quand l'heure du départ fut proche :

- Ah !"
1008,dit le renard... Je pleurerai.
1009,"- C'est ta faute, dit le petit prince, je ne te souhaitais point de mal, mais tu as voulu que je t'apprivoise...

Bien sûr, dit le renard."
1010,- Mais tu vas pleurer !
1011,dit le petit prince.
1012,"- Bien sûr, dit le renard."
1013,- Alors tu n'y gagnes rien !
1014,"- J'y gagne, dit le renard, à cause de la couleur du blé."
1015,"Puis il ajouta :

- Va revoir les roses."
1016,Tu comprendras que la tienne est unique au monde.
1017,"Tu reviendras me dire adieu, et je te ferai cadeau d'un secret."
1018,Le petit prince s'en fut revoir les roses.
1019,"- Vous n'êtes pas du tout semblables à ma rose, vous n'êtes rien encore, leur dit-il."
1020,Personne ne vous a apprivoisées et vous n'avez apprivoisé personne.
1021,Vous êtes comme était mon renard.
1022,Ce n'était qu'un renard semblable à cent mille autres.
1023,"Mais j'en ai fait mon ami, et il est maintenant unique au monde."
1024,Et les roses étaient gênées.
1025,"- Vous êtes belles, mais vous êtes vides, leur dit-il encore."
1026,On ne peut pas mourir pour vous.
1027,"Bien sûr, ma rose à moi, un passant ordinaire croirait qu'elle vous ressemble."
1028,"Mais à elle seule elle est plus importante que vous toutes, puisque c'est elle que j'ai arrosée."
1029,Puisque c'est elle que j'ai mise sous globe.
1030,Puisque c'est elle que j'ai abritée par le paravent.
1031,Puisque c'est elle dont j'ai tué les chenilles (sauf les deux ou trois pour les papillons).
1032,"Puisque c'est elle que j'ai écoutée se plaindre, ou se vanter, ou même quelquefois se taire."
1033,Puisque c'est ma rose.
1034,"Et il revint vers le renard

- Adieu, dit-il...

- Adieu, dit le renard."
1035,Voici mon secret.
1036,Il est très simple : on ne voit bien qu'avec le coeur.
1037,L'essentiel est invisible pour les yeux.
1038,"- L'essentiel est invisible pour les yeux, répéta le petit prince, afin de se souvenir."
1039,- C'est le temps que tu as perdu pour ta rose qui fait ta rose si importante.
1040,"- C'est le temps que j'ai perdu pour ma rose... fit le petit prince, afin de se souvenir."
1041,"- Les hommes ont oublié cette vérité, dit le renard."
1042,Mais tu ne dois pas l'oublier.
1043,Tu deviens responsable pour toujours de ce que tu as apprivoisé.
1044,"Tu es responsable de ta rose ...

- Je suis responsable de ma rose ... répéta le petit prince, afin de se souvenir."
1046,"- Bonjour, dit l'aiguilleur."
1047,- Que fais-tu ici ?
1048,dit le petit prince.
1049,"- Je trie les voyageurs, par paquets de mille, dit l'aiguilleur."
1050,"J'expédie les trains qui les emportent, tantôt vers la droite, tantôt vers la gauche."
1051,"Et un rapide illuminé, grondant comme le tonnerre, fit trembler la cabine d'aiguillage."
1052,"- Ils sont bien pressés, dit le petit prince."
1053,Que cherchent-ils ?
1054,"- L'homme de la locomotive l'ignore lui-même, dit l'aiguilleur."
1055,"Et gronda, en sens inverse, un second rapide illuminé."
1056,- Ils reviennent déjà ?
1057,"demanda le petit prince...

- Ce ne sont pas les mêmes, dit l'aiguilleur."
1058,C'est un échange.
1059,"- Ils n'étaient pas contents, là où ils étaient ?"
1060,"- On n'est jamais content là où l'on est, dit l'aiguilleur."
1061,Et gronda le tonnerre d'un troisième rapide illuminé.
1062,- Ils poursuivent les premiers voyageurs ?
1063,demanda le petit prince.
1064,"- Ils ne poursuivent rien du tout, dit l'aiguilleur."
1065,"Ils dorment là dedans, ou bien ils bâillent."
1066,Les enfants seuls écrasent leur nez contre les vitres.
1067,"- Les enfants seuls savent ce qu'ils cherchent, fit le petit prince."
1068,"Ils perdent du temps pour une poupée de chiffons, et elle devient très importante, et si on la leur enlève, ils pleurent...

- Ils ont de la chance, dit l'aiguilleur."
1070,"- Bonjour, dit le marchand."
1071,C'était un marchand de pilules perfectionnées qui apaisent la soi£ On en avale une par semaine et l'on n'éprouve plus le besoin de boire.
1072,- Pourquoi vends-tu ça ?
1073,dit le petit prince.
1074,"- C'est une grosse économie de temps, dit le marchand."
1075,Les experts ont fait des calculs.
1076,On épargne cinquante-trois minutes par semaine.
1077,- Et que fait-on de ces cinquante-trois minutes ?
1079,- Ah !
1080,"Dis-je au petit prince, ils sont bien jolis, tes souvenirs, mais je n'ai pas encore réparé mon avion, je n'ai plus rien à boire, et je serais heureux, moi aussi, si je pouvais marcher tout doucement vers une fontaine

- Mon ami le renard, me dit-il...

- Mon petit bonhomme, il ne s'agit plus du renard 1

- Pourquoi ?"
1081,"- Parce qu'on va mourir de soif...

Il ne comprit pas mon raisonnement, il me répondit :

- C'est bien d'avoir eu un ami, même si l'on va mourir."
1082,"Moi, je suis bien content d'avoir eu un ami renard...

""Il ne mesure pas le danger, me dis-je."
1083,Il n'a jamais ni faim ni soif.
1084,"Un peu de soleil lui suffit...""

Mais il me regarda et répondit à ma pensée

- J'ai soif aussi... cherchons un puits...

J'eus un geste de lassitude : il est absurde de chercher un puits, au hasard, dans l'immensité du désert."
1085,Cependant nous nous mîmes en marche.
1086,"Quand nous eûmes marché, des heures, en silence, la nuit tomba, et les étoiles commencèrent de s'éclairer."
1087,"Je les apercevais comme en rêve, ayant un peu de fièvre, à cause de ma soif."
1088,Les mots du petit prince dansaient dans ma mémoire.
1089,"- Tu as donc soif, toi aussi ?"
1090,Lui demandai-je.
1091,Mais il ne répondit pas à ma question.
1092,"Il me dit simplement :

- L'eau peut aussi être bonne pour le coeur...

je ne compris pas sa réponse mais je me tus... Je savais bien qu'il ne fallait pas l'interroger."
1093,Il était fatigué.
1094,Il s'assit.
1095,Je m'assis auprès de lui.
1096,"Et, après un silence, il dit encore :

- Les étoiles sont belles, à cause d'une fleur que l'on ne voit pas...

Je répondis""bien sûr""et je regardai, sans parler, les plis du sable sous la lune."
1097,"- Le désert est beau, ajouta-t-il."
1098,Et c'était vrai.
1099,J'ai toujours aimé le désert.
1100,On s'assoit sur une dune de sable.
1101,On ne voit rien.
1102,On n'entend rien.
1103,"Et cependant quelque chose rayonne en silence...

- Ce qui embellit le désert, dit le petit prince, c'est qu'il cache un puits quelque part...

Je fus surpris de comprendre soudain ce mystérieux rayonnement du sable."
1104,"Lorsque j'étais petit garçon j'habitais une maison ancienne, et la légende racontait qu'un trésor y était enfoui."
1105,"Bien sûr, jamais personne n'a su le découvrir, ni peut-être même ne l'a cherché."
1106,Mais il enchantait toute cette maison.
1107,"Ma maison cachait un secret au fond de son coeur...

- Oui, dis-je au petit prince, qu'il s'agisse de la maison, des étoiles ou du désert, ce qui fait leur beauté est invisible !"
1108,"- Je suis content, dit-il, que tu sois d'accord avec mon renard."
1109,"Comme le petit prince s'endormait, je le pris dans mes bras, et me remis en route."
1110,J'étais ému.
1111,Il me semblait porter un trésor fragile.
1112,Il me semblait même qu'il n'y eût rien de plus fragile sur la Terre.
1113,"Je regardais, à la lumière de la lune, ce front pâle, ces yeux clos, ces mèches de cheveux qui tremblaient au vent, et je me disais :""Ce que je vois là n'est qu'une écorce."
1114,"Le plus important est invisible...""

Comme ses lèvres entr'ouvertes ébauchaient un demisourire je me dis encore :""Ce qui m'émeut si fort de ce petit prince endormi, c'est sa fidélité pour une fleur, c'est l'image d'une rose qui rayonne en lui comme la flamme d'une lampe, même quand il dort...""Et je le devinai plus fragile encore."
1115,Il faut bien protéger les lampes : un coup de vent peut les éteindre...
1116,"Et, marchant ainsi, je découvris le puits au lever du jour."
1118,Alors il s'agitent et tournent en rond...
1119,"Et il ajouta :

- Ce n'est pas la peine..."
1120,Le puits que nous avions atteint ne ressemblait pas aux puits sahariens.
1121,Les puits sahariens sont de simples trous creusés dans le sable.
1122,Celui-là ressemblait à un puits de village.
1123,"Mais il n'y avait là aucun village, et je croyais rêver."
1124,"- C'est étrange, dis-je au petit prince, tout est prêt la poulie, le seau et la corde...

Il rit, toucha la corde, fit jouer la poulie."
1125,"Et la poulie gémit comme gémit une vieille girouette quand le vent a longtemps dormi,

- Tu entends, dit le petit prince, nous réveillons ce puits et il chante...

Je ne voulais pas qu'il fît un effort

- Laisse-moi faire, lui dis-je, c'est trop lourd pour toi."
1126,Lentement je hissai le seau jusqu'à la margelle.
1127,Je l'y installai bien d'aplomb.
1128,"Dans mes oreilles durait le chant de la poulie et, dans l'eau qui tremblait encore, je voyais trembler le soleil."
1129,"- J'ai soif de cette eau-là, dit le petit prince, donne moi à boire..."
1130,"Et je compris ce qu'il avait cherché

Je soulevai le seau jusqu'à ses lèvres."
1131,"Il but, les yeux fermés."
1132,C'était doux comme une fête.
1133,Cette eau était bien autre chose qu'un aliment.
1134,"Elle était née de la marche sous les étoiles, du chant de la poulie, de l'effort de mes bras."
1135,"Elle était bonne pour le coeur, comme un cadeau."
1136,"Lorsque j'étais petit garçon, la lumière de l'arbre de Noël, la musique de la messe de minuit, la douceur des sourires faisaient ainsi tout le rayonnement du cadeau de Noël que je recevais."
1137,"- Les hommes de chez toi, dit le petit prince, cultivent cinq mille roses dans un même jardin... et ils n'y trouvent pas ce qu'ils cherchent...

- Ils ne le trouvent pas, répondis-je...

- Et cependant ce qu'ils cherchent pourrait être trouvé dans une seule rose ou un peu d'eau...

- Bien sûr, répondis-je."
1138,"Et le petit prince ajouta :

- Mais les yeux sont aveugles."
1139,Il faut chercher avec le coeur.
1140,J'avais bu.
1141,Je respirais bien.
1142,"Le sable, au lever du jour, est couleur de miel."
1143,J'étais heureux aussi de cette couleur de miel.
1144,"Pourquoi fallait-il que j'eusse de la peine...

- Il faut que tu tiennes ta promesse, me dit doucement le petit prince, qui, de nouveau, s'était assis auprès de moi."
1145,- Quelle promesse?
1146,- Tu sais... une muselière pour mon mouton... je suis responsable de cette fleur !
1147,Je sortis de ma poche mes ébauches de dessin.
1148,"Le petit prince les aperçut et dit en riant :

- Tes baobabs, ils ressemblent un peu à des choux...

- Oh!"
1149,Moi qui étais si fier des baobabs !
1150,"- Ton renard... ses oreilles... elles ressemblent un peu à des cornes... et elles sont trop longues

Et il rit encore."
1151,"- Tu es injuste, petit bonhomme, je ne savais rien
dessiner que les boas fermés et les  boas ouverts."
1152,- Oh !
1153,"ça ira, dit-il, les enfants savent."
1154,Je crayonnai donc une muselière.
1155,"Et j'eus le coeur serré en la lui donnant :

- Tu as des projets que j'ignore...

Mais il ne me répondit pas."
1156,"Il me dit

- Tu sais, ma chute sur la Terre... c'en sera demain l'anniversaire...

Puis, après un silence, il dit encore

- J'étais tombé tout près d'ici..."
1157,Et il rougit.
1158,"Et de nouveau, sans comprendre pourquoi, j'éprouvai un chagrin bizarre."
1159,"Cependant une question me vint :

- Alors ce n'est pas par hasard que, le matin où je t'ai connu, il y a huit jours, tu te promenais comme ça, tout seul, à mille milles de toutes les régions habitées ?"
1160,Tu retournais vers le point de ta chute ?
1161,Le petit prince rougit encore.
1162,"Et j'ajoutai, en hésitant :

- À cause, peut-être, de l'anniversaire ?..."
1163,Le petit prince rougit de nouveau.
1164,"Il ne répondait jamais aux questions, mais, quand on rougit, ça signifie""oui"", n'est-ce pas ?"
1165,- Ah !
1166,"lui dis-je, j'ai peur...

Mais il me répondit :

- Tu dois maintenant travailler."
1167,Tu dois repartir vers ta machine.
1168,je t'attends ici.
1169,"Reviens demain soir...

Mais je n'étais pas rassuré."
1170,Je me souvenais du renard.
1172,"Lorsque je revins de mon travail, le lendemain soir, j'aperçus de loin mon petit prince assis là-haut, les jambes pendantes."
1173,"Et je l'entendis qui parlait :

- Tu ne t'en souviens donc pas ?"
1174,disait-il.
1175,Ce n'est pas tout à fait ici !
1176,"Une autre voix lui répondit sans doute, puisqu'il répliqua :

- Si !"
1177,Si !
1178,"C'est bien le jour, mais ce n'est pas ici l'endroit...

Je poursuivis ma marche vers le mur."
1179,Je ne voyais ni n'entendais toujours personne.
1180,"Pourtant le petit prince répliqua de nouveau :

- ... Bien sûr."
1181,Tu verras où commence ma trace dans le sable.
1182,Tu n'as qu'à m'y attendre.
1183,J'y serai cette nuit.
1184,J'étais à vingt mètres du mur et je ne voyais toujours rien.
1185,"Le petit prince dit encore, après un silence 

- Tu as du bon venin ?"
1186,Tu es sûr de ne pas me faire souffrir longtemps ?
1187,"Je fis halte, le coeur serré, mais je ne comprenais toujours pas."
1188,"- Maintenant, va-t'en, dit-il... je veux redescendre !"
1189,"Alors j'abaissai moi-même les yeux vers le pied du mur, et je fis un bond !"
1190,"Il était là, dressé vers le petit prince, un de ces serpents jaunes qui vous exécutent en trente secondes."
1191,"Tout en fouillant ma poche pour en tirer mon revolver, je pris le pas de course, mais, au bruit que je fis, le serpent se laissa doucement couler dans le sable, comme un jet d'eau qui meurt, et, sans trop se presser, se faufila entre les pierres avec un léger bruit de métal."
1192,"Je parvins au mur juste à temps pour y recevoir dans les bras mon petit bonhomme de prince, pâle comme la neige."
1193,- Quelle est cette histoire-là !
1194,Tu parles maintenant avec les serpents !
1195,J'avais défait son éternel cache-nez d'or.
1196,Je lui avais mouillé les tempes et l'avais fait boire.
1197,Et maintenant je n'osais plus rien lui demander.
1198,Il me regarda gravement et m'entoura le cou de ses bras.
1199,"je sentais battre son coeur comme celui d'un oiseau qui meurt, quand on l'a tiré à la carabine."
1200,"Il me dit :

,- Je suis content que tu aies trouvé ce qui manquait à ta machine."
1201,"Tu vas pouvoir rentrer chez toi...

- Comment sais-tu ?"
1202,"Je venais justement lui annoncer que, contre toute espérance, j'avais réussi mon travail !"
1203,"Il ne répondit rien à ma question, mais il ajouta

- Moi aussi, aujourd'hui, je rentre chez moi...

Puis, mélancolique :

- C'est bien plus loin... c'est bien plus difficile...

Je sentais bien qu'il se passait quelque chose d'extraordinaire."
1204,"Je le serrais dans les bras comme un petit enfant, et cependant il me semblait qu'il coulait verticalement dans un abîme sans que je pusse rien pour le retenir...

Il avait le regard sérieux, perdu très loin."
1205,- J'ai ton mouton.
1206,Et j'ai la caisse pour le mouton.
1207,Et j'ai la muselière...
1208,Et il sourit avec mélancolie.
1209,J'attendis longtemps.
1210,"Je sentais qu'il se réchauffait peu à peu :

- Petit bonhomme, tu as eu peur...

Il avait eu peur, bien sûr !"
1211,"Mais il rit doucement

- J'aurai bien plus peur ce soir...

De nouveau je me sentis glacé par le sentiment de l'irréparable."
1212,Et je compris que je ne supportais pas l'idée de ne plus jamais entendre ce rire.
1213,C'était pour moi comme une fontaine dans le désert.
1214,"- Petit bonhomme, je veux encore t'entendre rire...

Mais il me dit :

- Cette nuit, ça fera un an."
1215,"Mon étoile se trouvera juste au-dessus de l'endroit où je suis tombé l'année dernière...

- Petit bonhomme, n'est-ce pas que c'est un mauvais rêve cette histoire de serpent et de rendez-vous et d'étoile...

Mais il ne répondit pas à ma question."
1216,"Il me dit

- Ce qui est important, ça ne se voit pas...

- Bien sûr...

- C'est comme pour la fleur."
1217,"Si tu aimes une fleur qui se trouve dans une étoile, c'est doux, la nuit, de regarder le ciel."
1218,Toutes les étoiles sont fleuries.
1219,"- Bien sûr...

- C'est comme pour l'eau."
1220,"Celle que tu m'as donnée à boire était comme une musique, à cause de la poulie et de la corde... tu te rappelles... elle était bonne."
1221,"- Bien sûr...

- Tu regarderas, la nuit, les étoiles."
1222,C'est trop petit chez moi pour que je te montre où se trouve la mienne.
1223,C'est mieux comme ça.
1224,"Mon étoile, ça sera pour toi une des étoiles."
1225,"Alors, toutes les étoiles, tu aimeras les regarder... Elles seront toutes tes amies."
1226,"Et puis je vais te faire un cadeau...

Il rit encore."
1227,- Ah!
1228,"Petit bonhomme, petit bonhomme, j'aime entendre ce rire !"
1229,"- Justement ce sera mon cadeau... ce sera comme pour l'eau...

- Que veux-tu dire ?"
1230,- Les gens ont des étoiles qui ne sont pas les mêmes.
1231,"Pour les uns, qui voyagent, les étoiles sont des guides."
1232,Pour d'autres elles ne sont rien que de petites lumières.
1233,"Pour d'autres, qui sont savants, elles sont des problèmes."
1234,Pour mon businessman elles étaient de l'or.
1235,Mais toutes ces étoiles-là se taisent.
1236,"Toi, tu auras des étoiles comme personne n'en a...

- Que veux-tu dire ?"
1237,"- Quand tu regarderas le ciel, la nuit, puisque j'habiterai dans l'une d'elles, puisque je rirai dans l'une d'elles, alors ce sera pour toi comme si riaient toutes les étoiles."
1238,"Tu auras, toi, des étoiles qui savent rire

Et il rit encore."
1239,- Et quand tu seras consolé (on se console toujours) tu seras content de m'avoir connu.
1240,Tu seras toujours mon ami.
1241,Tu auras envie de rire avec moi.
1242,"Et tu ouvriras parfois ta fenêtre, comme ça, pour le plaisir..."
1243,Et tes amis seront bien étonnés de te voir rire en regardant le ciel.
1244,"Alors tu leur diras :""Oui, les étoiles, ça me fait toujours rire !"
1245,"""Et ils te croiront fou."
1246,Je t'aurai joué un bien vilain tour...
1247,Et il rit encore.
1248,"- Ce sera comme si je t'avais donné, au lieu d'étoiles, des tas de petits grelots qui savent rire..."
1249,Et il rit encore.
1250,"Puis il redevint sérieux

- Cette nuit... tu sais... ne viens pas."
1251,- Je ne te quitterai pas.
1252,- J'aurai l'air d'avoir mal... j'aurai un peu l'air de mourir.
1253,C'est comme ça.
1254,"Ne viens pas voir ça, ce n'est pas la peine."
1255,- Je ne te quitterai pas.
1256,Mais il était soucieux.
1257,- je te dis ça... c'est à cause aussi du serpent.
1258,"Il ne faut pas qu'il te morde... Les serpents, c'est méchant."
1259,"Ça peut mordre pour le plaisir...

- Je ne te quitterai pas."
1260,"Mais quelque chose le rassura

- C'est vrai qu'ils n'ont plus de venin pour la seconde morsure...

Cette nuit-là je ne le vis pas se mettre en route."
1261,Il s'était évadé sans bruit.
1262,"Quand je réussis à le rejoindre il marchait décidé, d'un pas rapide."
1263,"Il me dit seulement :

- Ah !"
1264,Tu es là...
1265,Et il me prit par la main.
1266,"Mais il se tourmenta encore:

- Tu as eu tort."
1267,Tu auras de la peine.
1268,"J'aurai l'air d'être mort et ce ne sera pas vrai...

Moi je me taisais."
1269,- Tu comprends.
1270,C'est trop loin.
1271,Je ne peux pas emporter ce corps-là.
1272,C'est trop lourd.
1273,Moi je me taisais.
1274,- Mais ce sera comme une vieille écorce abandonnée.
1275,"Ce n'est pas triste les vieilles écorces...

Moi je me taisais."
1276,Il se découragea un peu.
1277,"Mais il fit encore un effort :

- Ce sera gentil, tu sais."
1278,Moi aussi je regarderai les étoiles.
1279,Toutes les étoiles seront des puits avec une poulie rouillée.
1280,"Toutes les étoiles me verseront à boire...

Moi je me taisais."
1281,- Ce sera tellement amusant !
1282,"Tu auras cinq cents millions de grelots, j'aurai cinq cents millions de fontaines..."
1283,"Et il se tut aussi, parce qu'il pleurait...

- C'est là."
1284,Laisse-moi faire un pas tout seul.
1285,Et il s'assit parce qu'il avait peur.
1286,"Il dit encore :

- Tu sais... ma fleur... j'en suis responsable !"
1287,Et elle est tellement faible !
1288,Et elle est tellement naïve.
1289,"Elle a quatre épines de rien du tout pour la protéger contre le monde...

Moi je m'assis parce que je ne pouvais plus me tenir debout."
1290,"Il dit :

- Voilà... C'est tout...

Il hésita encore un peu, puis il se releva."
1291,Il fit un pas.
1292,Moi je ne pouvais pas bouger.
1293,Il n'y eut rien qu'un éclair jaune près de sa cheville.
1294,Il demeura un instant immobile.
1295,Il ne cria pas.
1296,Il tomba doucement comme tombe un arbre.
1297,"Ça ne fit même pas de bruit, à cause du sable."
1299,Les camarades qui m'ont revu ont été bien contents de me revoir vivant.
1300,"J'étais triste, mais je leur disais :""C'est la fatigue...""

Maintenant je me suis un peu consolé."
1301,C'est-à-dire... pas tout à fait.
1302,"Mais je sais bien qu'il est revenu à sa planète, car, au lever du jour, je n'ai pas retrouvé son corps."
1303,Ce n'était pas un corps tellement lourd...
1304,Et j'aime la nuit écouter les étoiles.
1305,"C'est comme cinq cents millions de grelots...

Mais voilà qu'il se passe quelque chose d'extraordinaire."
1306,"La muselière que j'ai dessinée pour le petit prince, j'ai oublié d'y ajouter la courroie de cuir !"
1307,Il n'aura jamais pu l'attacher au mouton.
1308,"Alors je me demande :""Que s'est-il passé sur sa planète ?"
1309,"Peut-être bien que le mouton a mangé la fleur...""

Tantôt je me dis :""Sûrement non !"
1310,"Le petit prince enferme sa fleur toutes les nuits sous son globe de verre, et il surveille bien son mouton...""Alors je suis heureux."
1311,Et toutes les étoiles rient doucement.
1312,"Tantôt je me dis :""On est distrait une fois ou l'autre, et ça suffit !"
1313,"Il a oublié, un soir, le globe de verre, ou bien le mouton est sorti sans bruit pendant la nuit...""Alors les grelots se changent tous en larmes !"
1314,"...

C'est là un bien grand mystère."
1315,"Pour vous qui aimez aussi le petit prince, comme pour moi, rien de l'univers n'est semblable si quelque part, on ne sait où, un mouton que nous ne connaissons pas a, oui ou non, mangé une rose...

Regardez le ciel."
1316,Demandez-vous : Le mouton oui ou non a-t-il mangé la fleur ?
1317,Et vous verrez comme tout change...
1318,Et aucune grande personne ne comprendra jamais que ça a tellement d'importance !
